1790;1817;1844;1872;1899;1926;1954;1981;2008;2036;2063
1836;1865;1893;1921;1949;1978;2006;2034;2062;2091;2119
1883;1912;1941;1970;2000;2029;2058;2087;2116;2145;2174
1929;1960;1990;2020;2050;2080;2110;2140;2170;2200;2230
1976;2007;2038;2069;2100;2131;2162;2193;2224;2255;2286
2023;2054;2086;2118;2150;2182;2214;2246;2278;2310;2341
2069;2102;2135;2168;2200;2233;2266;2299;2332;2364;2397
2116;2149;2183;2217;2251;2284;2318;2352;2385;2419;2453
2162;2197;2232;2266;2301;2335;2370;2405;2439;2474;2508
2209;2244;2280;2315;2351;2387;2422;2458;2493;2529;2564
2255;2292;2328;2365;2401;2438;2474;2511;2547;2583;2620
2302;2339;2377;2414;2451;2489;2526;2563;2601;2638;2676
2349;2387;2425;2463;2502;2540;2578;2616;2655;2693;2731
2395;2434;2473;2513;2552;2591;2630;2669;2709;2748;2787
2442;2482;2522;2562;2602;2642;2682;2722;2762;2802;2843
2488;2529;2570;2611;2652;2693;2734;2775;2816;2857;2898
2535;2577;2619;2661;2702;2744;2786;2828;2870;2912;2954
2581;2624;2667;2710;2753;2795;2838;2881;2924;2967;3010
2628;2672;2715;2759;2803;2847;2890;2934;2978;3022;3065
2675;2719;2764;2808;2853;2898;2942;2987;3032;3076;3121
2721;2767;2812;2858;2903;2949;2994;3040;3086;3131;3177
2768;2814;2861;2907;2954;3000;3046;3093;3139;3186;3232
2814;2862;2909;2956;3004;3051;3098;3146;3193;3241;3290
2861;2909;2957;3006;3054;3102;3151;3199;3247;3295;3344
2907;2957;3006;3055;3104;3153;3203;3252;3301;3350;3399
2954;3004;3054;3104;3154;3204;3255;3305;3355;3405;3455
3000;3052;3103;3154;3205;3256;3307;3358;3409;3460;3511
3047;3099;3151;3203;3255;3307;3359;3411;3462;3514;3566
3094;3146;3199;3252;3305;3358;3411;3464;3516;3569;3622
3140;3194;3248;3301;3355;3409;3463;3516;3570;3624;3678
3187;3241;3296;3351;3405;3460;3515;3569;3624;3679;3733
3233;3289;3344;3400;3456;3511;3567;3622;3678;3733;3789
3280;3336;3393;3449;3506;3562;3619;3675;3732;3788;3845
3326;3384;3441;3499;3556;3613;3671;3728;3786;3843;3900
3373;3431;3490;3548;3606;3665;3723;3781;3839;3898;3956
3420;3479;3538;3597;3656;3716;3775;3834;3893;3953;4012
3466;3526;3586;3647;3707;3767;3827;3887;3947;4007;4067
3513;3574;3635;3696;3757;3818;3879;3940;4001;4062;4123
3559;3621;3683;3745;3807;3869;3931;3993;4055;4117;4179
3606;3669;3732;3794;3857;3920;3983;4046;4109;4172;4234
3652;3716;3780;3844;3908;3971;4035;4099;4163;4226;4290
