1454;1464;1473;1483;1493;1502;1512;1522;1531;1541
1491;1501;1511;1520;1530;1540;1550;1560;1570;1580
1528;1538;1546;1558;1568;1578;1588;1599;1609;1619
1564;1575;1585;1596;1606;1616;1627;1637;1648;1658
1601;1612;1622;1633;1644;1654;1665;1676;1686;1697
1638;1649;1660;1671;1681;1692;1703;1714;1725;1736
1675;1686;1697;1708;1719;1730;1741;1753;1764;1775
1711;1723;1734;1746;1757;1768;1780;1791;1802;1814
1748;1760;1772;1784;1795;1806;1818;1830;1841;1853
1785;1797;1809;1821;1832;1844;1856;1868;1880;1892
1822;1834;1846;1859;1870;1882;1894;1907;1919;1931
1858;1871;1884;1896;1908;1920;1933;1945;1957;1970
1895;1908;1921;1934;1946;1958;1971;1984;1996;2009
1932;1945;1958;1972;1983;1996;2009;2022;2035;2048
1969;1982;1996;2009;2021;2034;2048;2061;2074;2087
2005;2019;2033;2047;2059;2072;2086;2099;2112;2126
2042;2056;2070;2084;2097;2110;2124;2138;2151;2165
2079;2093;2108;2122;2134;2148;2162;2176;2190;2204
2115;2130;2145;2159;2172;2186;2201;2215;2228;2243
2152;2167;2182;2197;2210;2224;2239;2253;2267;2282
2189;2204;2220;2235;2248;2262;2277;2292;2306;2321
2226;2241;2257;2272;2285;2300;2315;2330;2345;2360
2262;2278;2294;2310;2323;2338;2354;2369;2383;2400
2299;2315;2332;2347;2361;2376;2392;2407;2422;2438
2336;2352;2369;2385;2399;2414;2430;2446;2461;2477
2373;2389;2406;2423;2437;2452;2468;2484;2500;2516
2409;2426;2444;2460;2474;2490;2507;2523;2538;2555
2446;2463;2481;2498;2512;2528;2545;2561;2577;2594
2483;2500;2518;2535;2550;2566;2583;2600;2616;2633
2520;2537;2556;2573;2588;2604;2622;2638;2654;2672
2556;2574;2593;2611;2625;2642;2660;2677;2693;2711
2593;2611;2630;2648;2663;2680;2698;2715;2732;2750
2630;2648;2668;2686;2701;2718;2736;2754;2771;2789
2667;2685;2705;2723;2739;2756;2775;2792;2809;2828
2703;2722;2742;2761;2776;2794;2813;2831;2848;2867
2740;2759;2780;2799;2814;2832;2851;2869;2887;2906
2777;2796;2817;2836;2852;2870;2889;2908;2926;2945
2813;2833;2854;2874;2890;2908;2928;2946;2964;2984
2850;2870;2892;2911;2927;2946;2966;2985;3003;3023
2887;2907;2929;2949;2965;2984;3004;3023;3042;3062
2924;2944;2966;2986;3003;3022;3042;3062;3080;3101
